,0,1,2,3,4
0,0.083947055,1.2850342,0.051946357,0.9600205,0.31675586
1,0.12028225,0.224926,0.0,0.15353926,0.12389035
2,0.046791736,0.11536826,0.13040815,0.14856009,0.1704286
3,0.29335064,0.0,0.06330859,0.025007188,0.0431048
4,0.36800367,0.18496284,0.22798796,0.36597532,0.09141328
5,0.14046994,0.08254801,0.11293018,0.25274932,0.053268682
6,0.12523274,1.0400908,0.084338754,0.9346485,0.16092052
7,0.0,0.29105297,0.0,0.12892486,0.08677466
8,0.16092844,0.1957304,0.027175188,0.15849559,0.13647307
9,0.12403183,0.0,0.111539654,0.0,0.13303263
10,0.0,0.022557914,0.2755193,0.116967216,0.44361892
11,0.15298483,0.12536502,0.33811176,0.35211083,0.17873636
12,0.18821095,0.33159974,0.22165275,0.46008223,0.029931277
13,0.0,0.38338813,0.015096448,0.17470136,0.04473204
14,0.0,0.266131,0.019264027,0.12968388,0.11767794
15,0.0,0.1541737,0.2556421,0.2465844,0.29374143
16,0.113836214,0.0,0.093261,0.0,0.12192799
17,0.0,0.5933015,0.10136005,0.58265007,0.13678111
18,0.32317352,0.26174042,0.23034567,0.4952231,0.0
19,0.17110357,0.24413396,0.027804248,0.24238062,0.14221843
20,0.30653328,0.93948495,0.14925633,0.78591686,0.017768428
21,0.0,0.034975335,0.24615112,0.25522313,0.0908844
22,0.0,1.2630966,0.034740977,0.88635284,0.098546155
23,0.24944939,0.21957019,0.19763675,0.44554895,0.11878267
24,0.14889827,0.1802628,0.28798088,0.35309264,0.06523316
25,0.11423822,0.32776147,0.0,0.24305847,0.020645209
26,0.16025347,0.6463134,0.033546418,0.51296085,0.11736038
27,0.0,0.027688503,0.29712722,0.28695598,0.16503207
28,0.06957375,0.66038054,0.05804286,0.5113106,0.15700187
29,0.34898698,0.0,0.07967809,0.06874885,0.08585443
30,0.26528257,0.4597075,0.092988394,0.37710854,0.13238735
31,0.18725964,0.5345205,0.08863989,0.4715966,0.11100125
32,0.12706944,0.47325778,0.25423187,0.4349625,0.171567
33,0.16953278,0.5037063,0.1944426,0.5218457,0.14090951
34,0.059403833,1.16769,0.05956927,0.8344599,0.1414805
35,0.11393939,0.18616155,0.19669941,0.41904292,0.0
36,0.19022207,0.012727797,0.29523885,0.20946193,0.18342766
37,0.054141585,0.54367274,0.23093498,0.6367779,0.104630336
38,0.30417407,0.85310525,0.24840933,0.91144335,0.0
39,0.1190197,0.39882186,0.20502023,0.46213716,0.15473953
40,0.29170305,0.7911781,0.1056602,0.8896044,0.0
41,0.1281099,1.1953821,0.08747913,0.90756696,0.018054724
42,0.29862982,0.08895324,0.11318918,0.34868526,0.0
43,0.22538196,0.3134142,0.2238847,0.3906084,0.24038175
44,0.0037823431,0.83112395,0.0073377267,0.6679131,0.23153377
45,0.16780731,0.7665194,0.07677056,0.7962195,0.0
46,0.07943639,1.2398384,0.0,0.9107424,0.22420889
47,0.25793508,0.01589793,0.030565374,0.13595293,0.005844161
48,0.10923903,0.9833004,0.0,0.8056945,0.165649
49,0.078823514,0.21744093,0.15660173,0.20119125,0.23936424
50,0.032689698,0.28009602,0.042665318,0.16713297,0.1907236
51,0.1499212,0.8168173,0.0,0.5473073,0.107366726
52,0.18491578,0.6222233,0.13795882,0.60336804,0.162379
53,0.33323616,0.20560977,0.13462617,0.36978242,0.08415453
54,0.21279813,0.17786339,0.23310116,0.39472082,0.07700912
55,0.29416728,0.5731242,0.045446977,0.5105707,0.20254314
56,0.30875874,0.086311236,0.1162545,0.21858105,0.06498415
57,0.109045856,0.54490554,0.21530062,0.69288754,0.0
58,0.14046538,0.9531824,0.19446264,1.0757971,0.01908002
59,0.17887314,0.3464321,0.06838801,0.29303426,0.014046192
60,0.4014464,0.21159665,0.2755754,0.42210436,0.11212699
61,0.116946705,0.3176336,0.11167508,0.30529833,0.10457739
62,0.122183055,1.3479154,0.05826284,1.0385501,0.12814143
63,0.08063627,1.0001072,0.33290505,0.9763592,0.053751748
64,0.036584884,0.10085416,0.19379824,0.13984852,0.15207803
65,0.29404896,0.5636672,0.31357765,0.8322874,0.0033746734
66,0.40006012,0.0,0.050675713,0.054735407,0.05581976
67,0.039778195,0.28707817,0.0888425,0.2408829,0.1612404
68,0.30228323,0.0,0.037464224,0.04215485,0.03602952
69,0.0073132515,0.71924007,0.038996905,0.6370683,0.06031922
70,0.0643451,1.264393,0.0059165657,0.98147583,0.04229275
71,0.09622261,1.1439991,0.07534143,0.8778113,0.19983684
72,0.13620657,1.3617802,0.008207358,0.9798598,0.011062399
73,0.117024295,0.59290814,0.37116557,0.72638583,0.16949672
74,0.13439271,1.2313598,0.1883443,1.0339339,0.06158393
75,0.0,0.84470576,0.0325692,0.59423244,0.31354675
76,0.0,1.2054689,0.13451466,0.9113362,0.075897165
77,0.14395118,0.33145022,0.1278671,0.33843893,0.021896482
78,0.106409416,0.044785753,0.19551739,0.114507824,0.16647002
79,0.16512717,0.18087472,0.12986332,0.27570903,0.062255584
80,0.22476019,0.0,0.062871,0.046315566,0.012159251
81,0.045675717,0.045931518,0.14837441,0.16142015,0.0688135
82,0.27341008,0.45316833,0.18541759,0.42374343,0.21630192
83,0.01591748,0.07499473,0.30676943,0.2566989,0.12814751
84,0.019879304,0.13322392,0.20697847,0.30976838,0.12729612
85,0.15704444,0.0,0.05199308,0.03046158,0.01158341
86,0.24558146,0.58107436,0.24491489,0.5511128,0.17160296
87,0.24925235,0.73152757,0.13708314,0.8412983,0.0
88,0.17571965,0.09308663,0.17075966,0.19921035,0.055143647
89,0.14617237,0.10666752,0.24460292,0.23250271,0.13162771
90,0.16858202,0.50267524,0.30802763,0.6985289,0.021353848
91,0.074798785,0.025049597,0.35454488,0.19820453,0.26259044
92,0.2415784,0.065129116,0.1536692,0.21500018,0.112294346
93,0.0,0.26943082,0.06173388,0.24208839,0.17894492
94,0.13771397,0.11414562,0.39738482,0.26758882,0.30571666
95,0.18364544,1.4051654,0.015939295,1.0222616,0.06158839
96,0.17363387,0.25875306,0.118630715,0.43054265,0.0
97,0.29930502,0.41377884,0.26093423,0.5116905,0.07083417
98,0.029455218,1.0143313,0.09776308,0.7903329,0.11454082
99,0.04789508,0.09133875,0.3127793,0.3380089,0.15878856
100,0.112489864,0.48122674,0.26155606,0.5713326,0.14599136
101,0.23217392,0.4086761,0.28159907,0.4503232,0.15004945
102,0.0,0.4685907,0.36806133,0.43318874,0.30523205
103,0.11515549,0.11999588,0.23643917,0.23794343,0.14160179
104,0.27796394,1.1233523,0.060462214,0.9983954,0.044950247
105,0.08466386,0.565183,0.11124888,0.5396032,0.13512976
106,0.08767109,0.22860174,0.0,0.17541985,0.06822326
107,0.0771586,0.693225,0.097090974,0.5548562,0.2244097
108,0.026512172,0.21549442,0.1950715,0.2604409,0.063252285
109,0.09508921,0.018823624,0.27499968,0.27559885,0.13296805
110,0.023220818,0.0,0.011807404,0.0,0.19213314
111,0.30000082,0.045538485,0.12276432,0.19935387,0.064766355
112,0.02734625,0.410458,0.12180814,0.41237825,0.21229155
113,0.097720444,0.5813446,0.25249606,0.5428694,0.21076588
114,0.23394884,0.14179422,0.18612549,0.2588205,0.11042393
115,0.029191181,0.586359,0.13873519,0.46538246,0.1968309
116,0.06665757,0.37497205,0.21862017,0.34411195,0.18956968
117,0.042423956,0.5315133,0.032039545,0.5153149,0.2291004
118,0.29801387,0.7043512,0.32830268,0.81374997,0.062067617
119,0.3335712,0.0,0.113241136,0.0047774613,0.103585236
120,0.03326843,0.13839616,0.2843905,0.2897781,0.1654875
121,0.11215055,0.9977147,0.23665792,0.7610855,0.038544573
122,0.075796425,0.33693075,0.01984895,0.32744434,0.061198466
123,0.22733144,0.055801377,0.28564614,0.25386074,0.03131934
124,0.17559582,1.074301,0.11174173,0.9606636,0.0
125,0.23394017,0.27062902,0.21367525,0.46767288,0.036182985
126,0.12889028,0.05398421,0.19691801,0.22649238,0.15673745
127,0.18345031,0.9319323,0.25177047,0.91149414,0.020380788
128,0.029561266,0.06904633,0.0381566,0.078012556,0.18173265
129,0.25402635,0.042866945,0.07391165,0.12464644,0.07523468
130,0.101662606,0.36525857,0.1982671,0.45655644,0.22973353
131,0.0,0.37603343,0.060652815,0.20203902,0.122869484
132,0.10448233,0.08778179,0.26918274,0.30535266,0.096248634
133,0.076963514,0.61144674,0.14043002,0.5692464,0.22355855
134,0.06858661,0.48802716,0.24409238,0.5578215,0.1966639
135,0.1607863,0.12399812,0.121895805,0.23878944,0.11157274
136,0.0,0.08814493,0.19754592,0.21110651,0.18505856
137,0.14297146,0.1274204,0.26100734,0.34603822,0.0
138,0.13940713,0.5372664,0.3326152,0.71887124,0.04318961
139,0.12073423,1.2719678,0.028412543,0.9221768,0.070769
140,0.10963186,0.2133637,0.0027921498,0.23492461,0.16976036
141,0.0,0.1315438,0.20838544,0.26743996,0.14466631
142,0.024480768,0.0,0.057152644,0.053139582,0.12764123
143,0.037802935,1.4510925,0.003350094,1.0439031,0.21811277
144,0.25659198,0.0,0.034650944,0.04930322,0.06432885
145,0.33820868,0.0,0.07585609,0.18375987,0.064820915
146,0.06842611,0.52246857,0.29297197,0.4778356,0.22935212
147,0.052995577,1.1038169,0.05707597,0.85971797,0.15619549
148,0.22897051,0.0,0.14453533,0.0,0.1298109
149,0.13316336,0.166505,0.2612062,0.33400077,0.15063739
150,0.041360416,0.2481181,0.113898374,0.22778144,0.08705041
151,0.09679896,0.0,0.32777905,0.1953763,0.20305903
152,0.16898058,0.20901766,0.14573047,0.30873647,0.10663746
153,0.030081429,0.48495525,0.30371907,0.48813674,0.19635642
154,0.04246044,0.1224035,0.09403981,0.16071726,0.14902872
155,0.13449785,0.0,0.032782502,0.0,0.08903839
156,0.2091907,1.1430697,0.13248588,1.0229876,0.09420113
157,0.029659983,0.1813906,0.21576196,0.284772,0.12985842
158,0.0008254275,0.8578367,0.14630985,0.76813614,0.14092052
159,0.20853214,0.0,0.04396992,0.0,0.08128756
160,0.0,1.0521313,0.11581532,0.6356603,0.25578657
161,0.30450326,0.11045262,0.1716343,0.3137089,0.06003906
162,0.14403659,0.33705845,0.0,0.32019404,0.04278941
163,0.0,0.37669665,0.0,0.22439356,0.0
164,0.0,0.83813375,0.16601565,0.67529523,0.08253776
165,0.098653756,0.54866964,0.18542972,0.66056293,0.039964914
166,0.17475554,0.2659038,0.0,0.26265112,0.043297883
167,0.19422083,0.36480466,0.0,0.34052655,0.053509686
168,0.056760594,0.56980264,0.1674476,0.5817375,0.0
169,0.30268222,0.0,0.12897547,0.05383116,0.10425046
170,0.3364699,0.25363383,0.07764061,0.2515676,0.068171635
171,0.21141468,0.038655505,0.15394256,0.30770698,0.0
172,0.27624887,0.05572258,0.33660167,0.36468962,0.07190555
173,0.05344168,0.0,0.07034829,0.0,0.16311404
174,0.320987,0.21885109,0.15078343,0.25882208,0.16524398
175,0.06694405,0.032079607,0.12699746,0.13416377,0.117162555
176,0.0017733462,0.5852128,0.032831118,0.4293998,0.296867
177,0.09974013,0.5276728,0.2367853,0.47352546,0.29929087
178,0.09403318,1.1329343,0.017756931,0.9636187,0.02910712
179,0.19362746,0.038032666,0.117762275,0.13922332,0.13061078
180,0.08703816,1.0789135,0.15564424,0.7869445,0.05267964
181,0.0,0.04591295,0.24887235,0.21766132,0.244374
182,0.027433857,0.49668616,0.13525923,0.519138,0.052681606
183,0.17079745,0.4260276,0.40215886,0.6282342,0.06497502
184,0.17229497,0.121083066,0.082966626,0.22986242,0.06541345
185,0.18502113,0.40973514,0.35219815,0.52167064,0.2007101
186,0.07809152,0.40400094,0.121251896,0.4060248,0.12460719
187,0.0077551976,0.070061594,0.06697283,0.033622354,0.2357041
188,0.06564705,1.0770775,0.07915717,0.9608416,0.18391529
189,0.10585007,0.077857584,0.12428145,0.2381703,0.0
190,0.14648922,1.1092793,0.18981943,0.9265953,0.06008447
191,0.1003418,1.1672245,0.07898249,0.88077086,0.23296678
192,0.11828372,1.3583684,0.053392805,0.9881299,0.11671414
193,0.06048229,0.09819144,0.0,0.077104375,0.16553763
194,0.1381734,0.2735752,0.100162104,0.35522804,0.20122328
195,0.43917453,0.0,0.197837,0.26662183,0.057582308
196,0.21355003,0.18592271,0.0,0.15356374,0.12670478
197,0.3043105,0.059182987,0.06505515,0.2534887,0.0
198,0.09857403,0.5020111,0.22491065,0.54226357,0.080472164
199,0.16696426,0.34534013,0.0,0.1986706,0.15003273
200,0.21009241,0.0,0.123479806,0.08959767,0.108691804
201,0.035078507,0.3074499,0.08850822,0.2981774,0.107873306
202,0.30424368,1.0161717,0.13457781,0.77987605,0.12532948
203,0.007562466,0.3254384,0.33045065,0.3906252,0.17165422
204,0.07385802,0.1386746,0.13936126,0.26041326,0.17363586
205,0.1218722,0.5266859,0.12952133,0.49950564,0.23547557
206,0.031078916,0.5787674,0.076153174,0.45485514,0.18454805
207,0.0,0.61479557,0.099164814,0.48924184,0.30647773
208,0.2549137,0.965199,0.13169661,0.70192224,0.20245326
209,0.1224449,0.98757935,0.21694645,0.9670298,0.028693806
210,0.30148166,0.63791287,0.1912272,0.704827,0.06833415
211,0.15260898,0.47939688,0.28167439,0.49861062,0.18706426
212,0.0371069,0.17575294,0.025509976,0.12556654,0.13792305
213,0.108926244,0.18990928,0.14994435,0.38916144,0.0
214,0.047607526,0.48517546,0.20446396,0.4075504,0.16980173
215,0.055089086,0.48066851,0.30580944,0.5409529,0.21390486
216,0.21860638,0.66560954,0.18202898,0.58541954,0.19522524
217,0.022618793,0.056086242,0.27772367,0.18937974,0.18149152
218,0.16384467,1.1082368,0.077183455,0.85093355,0.19891614
219,0.21962194,0.22896752,0.023915745,0.25414693,0.14212486
220,0.08086923,0.12347381,0.022580162,0.1369914,0.09526552
221,0.21171273,0.05374655,0.18086007,0.47753888,0.0
222,0.17596582,0.6388513,0.08825092,0.59544265,0.0698877
223,0.0643382,0.24017046,0.0,0.17154798,0.12347533
224,0.12186079,0.16754983,0.16449326,0.2743033,0.0020906553
225,0.053121787,0.1445259,0.12376678,0.18068305,0.2889279
226,0.008944161,0.23213388,0.33667082,0.35273087,0.114481166
227,0.12624064,0.14595921,0.0,0.13256805,0.113021515
228,0.101170406,1.0040162,0.009114534,0.7498244,0.058971558
229,0.04125674,0.19085246,0.3468149,0.32881168,0.17811505
230,0.16146824,0.086253,0.24081694,0.28897095,0.06020868
231,0.047160413,0.123677045,0.24171531,0.37950176,0.026577052
232,0.0,0.16028613,0.25016287,0.25428888,0.1013161
233,0.12164436,0.12641826,0.2204239,0.2580037,0.09363994
234,0.41354936,0.5833038,0.16360952,0.6257584,0.11003829
235,0.0,0.2408955,0.1397036,0.3303504,0.22650743
236,0.103499904,0.4092785,0.14816418,0.33480352,0.12576036
237,0.32132614,0.0,0.11754016,0.17598414,0.0
238,0.06931792,0.11996992,0.2009246,0.21132556,0.14765821
239,0.006705202,0.56449693,0.32536355,0.6684164,0.15605882
240,0.0989005,0.5770908,0.19934145,0.590803,0.15817891
241,0.0,1.2775583,0.055988543,0.90057886,0.27286994
242,0.019414753,0.46113348,0.29063654,0.5166092,0.1047135
243,0.068833075,0.44312897,0.22137901,0.33609635,0.22007677
244,0.10754361,0.1801427,0.118457615,0.43751442,0.0
245,0.10339926,0.26973972,0.111020386,0.28215826,0.26694113
246,0.201541,0.059522778,0.19007225,0.22627775,0.07801156
247,0.22759117,0.46118712,0.30021176,0.66184306,0.05352425
248,0.13887335,0.4779024,0.04113032,0.39586866,0.28186417
249,0.21106069,0.0,0.100956574,0.0,0.17666411
250,0.0,0.0048714876,0.3389315,0.17648172,0.37836194
251,0.09366973,0.12242733,0.15350021,0.26375815,0.00662145
252,0.0,0.33307055,0.22725978,0.44376934,0.15300712
253,0.26929265,0.2942451,0.0,0.2788797,0.16534774
254,0.013615135,0.30587086,0.0,0.1334206,0.07928249
255,0.2620428,0.0,0.0669528,0.06810498,0.04191242
256,0.05359035,0.16440704,0.0017540529,0.10485843,0.2335476
257,0.11354342,0.0,0.1606766,0.0,0.10864057
258,0.0693804,0.14927612,0.139219,0.441122,0.118046045
259,0.17960933,1.2544382,0.0,0.82423186,0.19120559
260,0.0,0.7556732,0.022666305,0.53697515,0.20386234
261,0.12779997,0.121047035,0.19884937,0.29317027,0.122957066
262,0.27058393,0.55774784,0.24301265,0.50084347,0.1304739
263,0.26165622,0.24309018,0.03611671,0.2545601,0.1531359
264,0.11108444,0.48386675,0.1402451,0.4460883,0.1482968
265,0.12519082,1.1820865,0.09035891,0.8586657,0.2860487
266,0.016601857,0.41829967,0.28393003,0.4547154,0.28049776
267,0.0,0.07563694,0.18135516,0.2011198,0.18098181
268,0.022493552,0.05345106,0.26287705,0.20584992,0.088068776
269,0.0,0.0,0.2210091,0.13670816,0.28041697
270,0.0,0.18439612,0.31617218,0.27778453,0.21641314
271,0.27626452,0.52412844,0.13767444,0.45473817,0.1764093
272,0.2662782,0.5882664,0.26862735,0.57570124,0.12521327
273,0.07495139,0.02861625,0.18002355,0.21933758,0.07582599
274,0.17008376,0.8361525,0.1539861,0.79632586,0.030857101
275,0.123601496,0.62910736,0.24055979,0.8203581,0.0
276,0.282656,0.1927481,0.32724625,0.45913768,0.081426494
277,0.08229108,0.15448582,0.031143688,0.17151195,0.19773185
278,0.1426416,0.5051886,0.14442477,0.4727286,0.1576027
279,0.027323231,1.0300093,0.073427826,0.75527203,0.079811856
280,0.22340457,0.18469614,0.23171239,0.39274886,0.012206517
281,0.20629548,0.1600954,0.17096025,0.41497558,0.0
282,0.09218127,0.0,0.31199494,0.22384402,0.15311414
283,0.109579295,0.18787953,0.25949728,0.37246716,0.19113648
284,0.16445929,0.60504574,0.18512335,0.5940161,0.06866781
285,0.17731401,0.74732506,0.110239424,0.82510144,0.0
286,0.34724796,0.085907415,0.2078711,0.33595824,0.060367644
287,0.015799966,0.335896,0.0,0.20180526,0.04701886
288,0.05588843,1.0328124,0.10403866,0.8173477,0.18409234
289,0.118950896,0.13634036,0.2991503,0.34173176,0.19674717
290,0.1215184,0.46690148,0.12592581,0.4605617,0.071283124
291,0.083349966,0.050184593,0.39915687,0.28912267,0.23693085
292,0.40059388,0.13826837,0.14246443,0.30359417,0.04180902
293,0.104932725,1.153544,0.13258089,0.9279493,0.15747786
294,0.22477768,0.11350547,0.24485612,0.3230521,0.11139427
295,0.21121724,0.08326101,0.16744943,0.32002243,0.0027260184
296,0.18123397,0.5982592,0.23003435,0.78261894,0.0
297,0.11535463,0.0,0.08063972,0.0,0.13597326
298,0.2858359,0.09615049,0.29864907,0.43998012,0.030653145
299,0.06094652,0.13129543,0.008449286,0.12880856,0.21158701
300,0.11889951,0.48070025,0.22541812,0.47617266,0.07165119
301,0.014567163,0.4791623,0.18685064,0.46940786,0.19455045
302,0.22923197,0.4929332,0.16649815,0.65529335,0.073297516
303,0.17189598,0.13766703,0.29073307,0.35063192,0.08888093
304,0.014455821,0.224471,0.1653845,0.2616259,0.1808721
305,0.27788952,0.04523751,0.088412665,0.12763222,0.11691554
306,0.25889805,0.50821465,0.31465644,0.71603537,0.012681857
307,0.19510219,0.08324756,0.010795616,0.08767931,0.06352784
308,0.030018039,0.24939865,0.07115275,0.19071093,0.16166253
309,0.100898474,1.172205,0.20048124,1.0432348,0.0
310,0.12772357,0.20536591,0.026401952,0.14463577,0.19497481
311,0.046907023,0.0,0.0,0.0,0.17518915
312,0.077920124,1.4407544,0.06343377,1.0070611,0.20207638
313,0.111547686,0.59720147,0.11406208,0.5819398,0.12267809
314,0.007096816,0.2758817,0.009896681,0.17478561,0.14930075
315,0.247253,0.26987186,0.34471652,0.67794836,0.0
316,0.0,0.036626652,0.23978072,0.23043083,0.35192043
317,0.0,0.5481601,0.07137766,0.40276784,0.25522533
318,0.13856219,0.5699024,0.17881456,0.4859272,0.13496082
319,0.14334759,0.0,0.06451585,0.018375635,0.13368905
320,0.0,0.43539584,0.0,0.16623646,0.05689682
321,0.085598394,1.1208291,0.1917195,0.7880728,0.10138939
322,0.12969813,0.72051996,0.05629739,0.6331848,0.028862387
323,0.15775529,0.3059503,0.084650815,0.31881657,0.119062275
324,0.20109618,0.54299957,0.31449202,0.6789604,0.08146203
325,0.0,0.26832134,0.060413957,0.23139629,0.21850348
326,0.13842884,0.98752373,0.030700617,0.8353709,0.1210185
327,0.022804126,0.6731664,0.114843726,0.58975387,0.18183666
328,0.09366055,0.0,0.07272602,0.0,0.13405052
329,0.15609394,0.24039859,0.017416038,0.36761466,0.0
330,0.12988852,0.0,0.024157152,0.06552729,0.059421472
331,0.0,0.022053808,0.19667357,0.18731262,0.14285016
332,0.0,0.64631903,0.090145566,0.52868384,0.25910896
333,0.0,0.22573413,0.05240328,0.23454747,0.13955034
334,0.26165622,0.24309018,0.03611671,0.2545601,0.1531359
335,0.1961578,0.0446945,0.33069152,0.33808637,0.13361734
336,0.0,0.5991579,0.03688381,0.4416414,0.16885892
337,0.11259823,0.47985417,0.24499722,0.45069867,0.14763857
338,0.035375327,0.07271585,0.23198181,0.24925408,0.18636112
339,0.15653917,0.6214759,0.259849,0.63512605,0.108411424
340,0.1153056,0.27064204,0.0892608,0.2675453,0.19951972
341,0.12085673,0.29435062,0.1773493,0.49112928,0.0
342,0.023995131,0.35499686,0.09265347,0.30671299,0.18363678
343,0.13236022,0.09774518,0.17435709,0.25961116,0.14976521
344,0.17025536,0.052962393,0.40421915,0.3443839,0.039911315
345,0.101934016,1.064471,0.14405596,1.0853221,0.0011163354
346,0.06702706,0.13567334,0.0,0.19790508,0.11012044
347,0.12906317,0.28742617,0.0,0.28842935,0.19269222
348,0.051429775,0.4981403,0.31559402,0.6595866,0.100790255
349,0.08804001,0.33931673,0.0,0.29343343,0.080357954
350,0.030983597,1.0106494,0.18767777,0.8925052,0.19270235
351,0.08154625,0.18941137,0.0,0.17297201,0.13730426
352,0.0,0.16951108,0.017776549,0.15012383,0.23557803
353,0.105760306,0.30508155,0.07846828,0.2840018,0.029306903
354,0.0047828183,0.1445031,0.24356848,0.27983326,0.15909901
355,0.14890693,0.12931776,0.31322205,0.3440845,0.13823576
356,0.1869364,0.49004412,0.18312137,0.5228432,0.20510176
357,0.07495634,1.1847281,0.119392745,0.9702424,0.14803435
358,0.13622442,1.3605392,0.0,1.004679,0.075823225
359,0.15265453,1.1695206,0.02014675,0.898568,0.09376673
360,0.15155363,0.11634134,0.24395788,0.295991,0.10559437
361,0.0,0.13560084,0.10705127,0.12939158,0.16845846
362,0.0,0.7796218,0.0,0.58199966,0.17744498
363,0.09133019,1.2700424,0.15370226,1.0438173,0.12595442
364,0.12378164,0.14043698,0.2861035,0.3225882,0.18096533
365,0.27264196,0.26328754,0.27343807,0.53491473,0.024066947
366,0.05776358,0.062791586,0.28356606,0.2694935,0.11871822
367,0.25749445,0.0,0.19901147,0.123504326,0.18276632
368,0.21711473,0.03829199,0.14376763,0.3589992,0.0
369,0.019513417,0.39358243,0.0047405288,0.26565883,0.15247932
370,0.024597242,0.29945418,0.04593268,0.22681123,0.13876313
371,0.028211232,0.25251052,0.14884174,0.3178282,0.21904704
372,0.20011458,0.72007394,0.028492823,0.571573,0.17570144
373,0.19817914,0.566773,0.24160184,0.60035133,0.14246036
374,0.0059464537,0.34928557,0.061137274,0.22634594,0.1160132
375,0.16636918,0.63261795,0.04165324,0.70288706,0.0
376,0.1625665,0.56451845,0.22205773,0.552753,0.20976248
377,0.07040958,0.20403743,0.23110384,0.3247928,0.14479904
378,0.18168487,0.18159626,0.0,0.15195704,0.106763184
379,0.0513798,0.21690862,0.042554066,0.17822993,0.14006722
380,0.028284613,0.117976055,0.21549939,0.2379948,0.17335165
381,0.2458772,0.0,0.01902537,0.09704974,0.04389464
382,0.100430466,0.58052677,0.20611507,0.47816095,0.20873347
383,0.3119436,0.0,0.0,0.0,0.0
384,0.089592814,0.0,0.06919868,0.02186647,0.08058562
385,0.060633462,0.07804638,0.028781764,0.114587516,0.13621545
386,0.079234,0.41297853,0.14185278,0.36557674,0.22708848
387,0.0,0.58195126,0.30307066,0.65881884,0.23817387
388,0.06870881,0.0,0.101162836,0.0,0.19234341
389,0.15047505,0.13520528,0.0,0.124680504,0.19542456
390,0.025022015,0.05336973,0.2563632,0.20901245,0.14471194
391,0.07213886,0.14449593,0.0,0.17485228,0.07897262
392,0.0,0.13357164,0.21390024,0.3306315,0.16285981
393,0.0,0.010834694,0.29425374,0.18037364,0.26496032
394,0.0,0.0,0.31661993,0.22933441,0.1765496
395,0.08610049,1.0673454,0.08685654,0.82832795,0.21719843
396,0.013710797,0.047057047,0.3170566,0.2164738,0.37476346
397,0.0,0.24291298,0.0,0.064588696,0.11275845
398,0.27491772,0.53308487,0.25201002,0.6801541,0.018464409
399,0.06517145,1.2442431,0.06879391,1.0067515,0.10861601
400,0.08589228,0.0,0.12739827,0.0,0.11164576
401,0.0,0.61571825,0.0632405,0.4052291,0.29484755
402,0.0,1.2600014,0.089111835,0.7815484,0.21255496
403,0.13572818,0.0,0.023852274,0.0,0.0771074
404,0.20298378,0.36377835,0.48267037,0.72648156,0.065519474
405,0.22407942,0.0,0.11731512,0.07868005,0.05931454
406,0.070927165,0.17288646,0.0043077767,0.10158296,0.2006231
407,0.0,0.05197452,0.27366,0.2756405,0.24300459
408,0.057590183,0.6669154,0.21334633,0.5720118,0.26991814
409,0.0,0.16119085,0.28664637,0.27888787,0.16040745
410,0.09680261,0.5973656,0.022457488,0.4647888,0.23607874
411,0.16077656,0.0,0.0,0.00012210011,0.03868019
412,0.095010206,0.6730149,0.07480984,0.5411793,0.22556895
413,0.25222725,0.37542817,0.15506084,0.5578798,0.0
414,0.016293202,0.21825671,0.07413157,0.097881526,0.13434583
415,0.10273879,0.5506075,0.27589327,0.4117672,0.24257547
416,0.011943936,1.0761564,0.14046307,1.0319216,0.07418029
417,0.10664889,1.2133347,0.049389884,0.93325686,0.24140319
418,0.012420058,0.48991722,0.2674629,0.43939018,0.16486184
419,0.13648397,0.09498882,0.26986015,0.44591117,0.044661112
420,0.22991523,1.1146748,0.0,0.96392596,0.03283052
421,0.023859747,0.64581954,0.22550116,0.49087703,0.25293276
422,0.0,0.0712744,0.26691014,0.23700464,0.2971295
423,0.27890757,0.073865,0.30726027,0.3668733,0.07834337
424,0.30486166,0.10644546,0.21988511,0.29334825,0.07771318
425,0.16150221,0.60575056,0.0,0.6480223,0.0
426,0.09755008,1.3739719,0.021653324,0.9992538,0.16454306
427,0.0069875754,0.47570604,0.29385576,0.4659853,0.35686082
428,0.19753045,0.4709268,0.34493265,0.56725055,0.21763828
429,0.08788602,0.23271672,0.0,0.12651196,0.09320132
430,0.13619736,0.10501765,0.3497178,0.33290002,0.0985679
431,0.0,0.13137625,0.27601594,0.23621748,0.22801459
432,0.22390538,0.42917222,0.10391789,0.39328137,0.0996749
433,0.075703405,1.1690464,0.06738581,0.9239097,0.10429531
434,0.10165204,1.2559922,0.017923288,0.98482835,0.103512466
435,0.23037735,0.42452633,0.12634729,0.47029588,0.046074156
436,0.0,0.6134746,0.17573129,0.47778678,0.25148934
437,0.04689506,0.40729576,0.23885633,0.40487242,0.14111653
438,0.06184115,0.10279167,0.074026495,0.13917868,0.18490829
439,0.11055747,0.41695082,0.3332736,0.52125794,0.1552782
440,0.14782827,0.54457384,0.071226016,0.46928018,0.25385633
441,0.391631,0.22231159,0.18417937,0.45603895,0.06675729
442,0.0,0.32980123,0.07365762,0.25419065,0.19279134
443,0.28288215,0.0,0.11827798,0.032729566,0.11428011
444,0.16140637,0.0,0.0,0.017436236,0.026531871
445,0.040450286,0.23428488,0.25433213,0.3560273,0.14747389
446,0.17414752,0.08698492,0.27748662,0.30796248,0.008015253
447,0.14588818,0.19611034,0.122941606,0.34713557,0.009681545
448,0.12971514,0.22935344,0.18909493,0.36412016,0.029859908
449,0.18019879,0.06954114,0.3104058,0.29532743,0.116827235
450,0.13835993,0.0,0.060142785,0.03218037,0.03361973
451,0.07860318,0.0,0.04451531,0.0,0.088198304
452,0.076517165,0.09453744,0.3446976,0.2867476,0.2407488
453,0.09163937,0.9644555,0.024099343,0.68015313,0.034586042
454,0.11026213,0.0,0.09180242,0.02049908,0.084490836
455,0.13925941,0.39375943,0.4150132,0.68076086,0.05424677
456,0.18003602,1.0630251,0.14031994,0.8305569,0.12007959
457,0.0414561,0.11643571,0.22558403,0.31612253,0.16224104
458,0.03939993,0.044370323,0.27362537,0.26514047,0.21761355
459,0.32241577,0.11168404,0.28805023,0.3646486,0.027748019
460,0.053393014,0.6579728,0.0,0.4927361,0.05990515
461,0.12679146,0.46615785,0.2764791,0.44378656,0.15662579
462,0.06746581,0.0,0.06561148,0.0,0.09816399
463,0.12007286,0.3670596,0.22008893,0.32182106,0.27118582
464,0.0,0.076051235,0.27242368,0.2125402,0.22121474
465,0.29364288,0.0,0.103789315,0.058392853,0.06867401
466,0.21557732,0.043094456,0.19216195,0.09385848,0.16741449
467,0.06449563,0.98739564,0.20752834,0.85006714,0.21139127
468,0.09709442,0.30685702,0.10286798,0.32215238,0.19790316
469,0.18302757,0.0,0.021074891,0.08640389,0.0
470,0.07225528,0.104486346,0.13631673,0.18023211,0.12380758
471,0.07459562,0.4198695,0.19556266,0.43371576,0.1768995
472,0.06663386,0.48124656,0.2602455,0.52455443,0.17973706
473,0.0,0.4931845,0.24014157,0.43383145,0.27650872
474,0.36070782,0.6399114,0.12537612,0.58138895,0.10992551
475,0.23674765,0.50594246,0.19908488,0.6949322,0.0
476,0.0,0.37764028,0.0,0.15626264,0.06848722
477,0.11125876,1.1273243,0.072976485,0.90117276,0.16476887
478,0.25885245,0.18765444,0.30418563,0.44727534,0.06623665
479,0.31098163,0.4752344,0.35803834,0.7421129,0.0
480,0.044710983,1.3216093,0.0,0.9170267,0.20009196
481,0.059639737,0.014567554,0.28694728,0.21585113,0.19709101
482,0.26558256,0.0,0.08802247,0.04523091,0.09550076
483,0.046340685,0.26578498,0.090463914,0.25146776,0.08082636
484,0.060632102,0.09267591,0.2886564,0.25327876,0.14474481
485,0.043278433,1.0387937,0.12231086,0.71937704,0.16643986
486,0.12067124,0.17528829,0.26004562,0.322599,0.17236811
487,0.03892435,0.15634155,0.21697494,0.22739263,0.12185423
488,0.12843393,0.49562848,0.08031076,0.47107643,0.16943136
489,0.085794345,0.06577617,0.098933466,0.1602744,0.10118147
490,0.045154065,0.100839496,0.26539266,0.27876115,0.16258636
491,0.1975226,0.45425913,0.34972668,0.7229008,0.012758799
492,0.0,0.5145992,0.15273134,0.5007243,0.21422538
493,0.019905388,0.21233031,0.020202674,0.15767875,0.035294518
494,0.042021,0.34114122,0.0041192323,0.26599103,0.16573751
495,0.17368242,0.4546268,0.28895485,0.7758612,0.0
496,0.0,0.48046413,0.12433066,0.4444409,0.29471126
497,0.08894096,0.07236838,0.15249406,0.13178447,0.09741658
498,0.033589944,1.0900854,0.1776816,0.70115054,0.15460137
499,0.26660854,0.020029157,0.049526125,0.13998577,0.011939384
500,0.3971488,0.0,0.07756206,0.0,0.18115942
501,0.14101532,0.18047222,0.20930144,0.46332306,0.010065258
502,0.17474733,0.34560314,0.101022065,0.33229727,0.12539569
503,0.00041959435,0.2656608,0.0,0.16299684,0.114509284
504,0.011819165,0.26479855,0.018858314,0.22973718,0.17193067
505,0.0,1.3109066,0.11913196,1.0687833,0.2044475
506,0.08955702,0.98895663,0.06716831,0.7028575,0.0
507,0.2209027,0.28229457,0.036263846,0.35514224,0.012920961
508,0.1395948,0.6904708,0.10145153,0.71889555,0.098305255
509,0.33811074,0.17504814,0.21401748,0.4193342,0.0056277215
510,0.102364235,0.20148945,0.21648148,0.39093852,0.015036128
511,0.031682275,0.052635595,0.053585343,0.12697534,0.083215594
512,0.07521574,0.14102775,0.33277678,0.3309354,0.14537251
513,0.033410873,0.52183414,0.20188522,0.6140642,0.09967217
514,0.28031522,0.05216734,0.3390121,0.26289532,0.1477747
515,0.095362626,0.0,0.04632818,0.0,0.085480444
516,0.09776291,0.1663957,0.01837936,0.16009417,0.14466758
517,0.10779734,0.45371306,0.27568096,0.47226483,0.16865693
518,0.05917651,0.24930504,0.06407097,0.26658237,0.025531713
519,0.13435346,0.16472499,0.24957398,0.3558087,0.050343584
520,0.26808625,0.7788183,0.016202971,0.62709063,0.13130185
521,0.016330346,0.11139181,0.2503046,0.36998954,0.12882215
522,0.15495792,0.0,0.0,0.0,0.0833152
523,0.0,0.039386988,0.25059927,0.19410324,0.24550638
524,0.0,0.100476414,0.21334833,0.17261702,0.1485202
525,0.030216418,0.178588,0.29744357,0.36844987,0.22689518
526,0.12978658,0.097100854,0.23310918,0.31558543,0.049794674
527,0.124325186,0.093606725,0.25455618,0.29010674,0.060493708
528,0.1775957,0.037373215,0.33987576,0.24807838,0.1330985
529,0.016917512,0.42677337,0.31551236,0.4041318,0.21581975
530,0.0,0.036889777,0.33597484,0.18736786,0.4312359
531,0.10156946,0.48747006,0.108205944,0.3885897,0.113200426
532,0.032643862,1.0261321,0.08456218,0.83053154,0.11339818
533,0.13991733,0.16278058,0.28305936,0.44283196,0.016066961
534,0.0,0.0,0.20286512,0.24538305,0.20083454
535,0.04031084,0.21709862,0.29480004,0.45637894,0.0
536,0.028644256,0.13636354,0.25154352,0.32790664,0.119832784
537,0.36137307,0.30428743,0.117553174,0.48370034,0.0
538,0.17493725,0.19486387,0.14350559,0.4188398,0.0
539,0.10607593,0.9870008,0.077761896,0.6922264,0.107531406
540,0.06984436,1.1024461,0.12775631,1.0803325,0.05066907
541,0.1136814,0.0,0.112483166,0.0,0.12565124
542,0.15954934,0.13846916,0.34540045,0.38274312,0.1227707
543,0.13826624,0.51977885,0.24485716,0.58995414,0.12932116
544,0.2915151,0.02012989,0.050210506,0.09334706,0.11741186
545,0.11198711,0.15213144,0.21629158,0.18562779,0.25091034
546,0.033121977,0.0,0.1517033,0.092572674,0.13334177
547,0.23824322,0.20926365,0.0,0.19211921,0.10177038
548,0.0,0.3287173,0.15258987,0.28747365,0.11962693
549,0.12430552,0.26512185,0.19399405,0.35644925,0.17599404
550,0.24300429,0.13947394,0.39254278,0.39507523,0.112395205
551,0.18665832,0.49110982,0.13471824,0.44608483,0.14856353
552,0.042720072,0.19683577,0.028355539,0.17843372,0.22336468
553,0.2615473,0.077719,0.20775956,0.5365535,0.0
554,0.3889023,0.09897679,0.16822797,0.32250646,0.0
555,0.14796974,0.25787944,0.26545113,0.4201489,0.09742689
556,0.18019491,0.0,0.016898096,0.023723006,0.04542222
557,0.07075694,0.24892417,0.07970604,0.20341301,0.207605
558,0.14883241,0.10397263,0.0914898,0.20775954,0.10160129
559,0.10129282,1.2937224,0.0,0.8979144,0.1647447
560,0.19903256,0.15226409,0.21479672,0.3128056,0.14345421
561,0.14762862,0.0,0.014542356,0.048792243,0.120798126
562,0.11906904,0.14024425,0.059561044,0.24227925,0.002497092
563,0.19040442,1.1536037,0.002555415,0.9237831,0.118594475
564,0.06567019,0.19292858,0.29726774,0.3812904,0.100300066
565,0.031775963,0.3343542,0.21259415,0.34352714,0.17033675
566,0.25483447,0.27763346,0.0148353875,0.19357336,0.18631834
567,0.038945146,0.55667126,0.14147116,0.6788263,0.0
568,0.0,0.2951455,0.020880498,0.21281622,0.122923955
569,0.001162406,0.18599644,0.19337294,0.36902314,0.07270284
570,0.0,0.12796095,0.2813205,0.3051872,0.14167969
571,0.14267604,0.0,0.0022497624,0.026839823,0.02874047
572,0.056595832,0.0,0.039620228,0.009249717,0.084185176
573,0.1195453,0.10979785,0.15595594,0.23904812,0.08451811
574,0.0068919472,0.06331244,0.3891843,0.20079821,0.29951063
575,0.054466188,0.50876427,0.21225029,0.46745467,0.17833099
576,0.1916303,0.20656648,0.2706254,0.47968334,0.016366415
577,0.09337091,0.17876974,0.031665698,0.18346184,0.14040658
578,0.06841133,0.26713455,0.07326317,0.24788393,0.08210319
579,0.3001424,1.1592247,0.24806996,1.0548172,0.11726546
580,0.0,0.0,0.2849928,0.20630455,0.1615538
581,0.26687306,0.0,0.15873179,0.14566617,0.035791423
582,0.35892576,0.37832406,0.19515246,0.53047085,0.05056222
583,0.18341938,0.19848253,0.053863436,0.3750393,0.0
584,0.2075146,0.122116655,0.17091902,0.5211746,0.0
585,0.11545794,0.584079,0.2063925,0.5006039,0.27657107
586,0.119163744,0.0,0.20180218,0.048212945,0.07487658
587,0.06598585,0.19473207,0.19600734,0.25180042,0.10577725
588,0.0,0.09367353,0.25017157,0.31423026,0.0669316
589,0.11181006,0.5342441,0.1327248,0.47579065,0.038425017
590,0.03587394,0.0,0.10248936,0.08001204,0.15674567
591,0.13689828,0.4843508,0.12194353,0.5284798,0.08079907
592,0.026307214,0.4553635,0.28874445,0.43928397,0.22399819
593,0.06287694,0.42675334,0.28522408,0.527422,0.17762445
594,0.20672247,0.02008468,0.10965907,0.12682982,0.08432895
595,0.02724551,0.3058975,0.074311316,0.19020343,0.18784198
596,0.0,0.0,0.35580888,0.09143101,0.42441034
597,0.122644044,0.13909836,0.26930344,0.47143817,0.0
598,0.0,0.25893727,0.017633341,0.14199787,0.118094735
599,0.011787381,1.2637999,0.033629693,0.91562974,0.15833153
600,0.24989371,0.16124505,0.24023417,0.36612415,0.1532013
601,0.25761652,1.2123818,0.020220675,0.95795155,0.1775733
602,0.17382851,0.0,0.06322163,0.0,0.1300283
603,0.0,1.3528845,0.0,0.95675844,0.0
604,0.06300878,0.906016,0.019216657,0.63398075,0.18268846
605,0.29893458,0.93685293,0.16543566,0.9677556,0.0
606,0.109847195,0.1050047,0.29002792,0.2992954,0.09595489
607,0.10399451,0.41479856,0.3316148,0.47899297,0.12425934
608,0.014315028,1.173593,0.11735169,0.92641354,0.2155608
609,0.43974203,0.6477854,0.07554841,0.65674543,0.04831428
610,0.03490268,0.01018098,0.3308006,0.14710262,0.39842406
611,0.007414948,0.39238933,0.0,0.19814998,0.11594464
612,0.09509607,0.265964,0.0,0.16567506,0.18798824
613,0.0,0.29504573,0.0,0.12808041,0.16043904
614,0.112745784,0.60431486,0.27651384,0.53686976,0.22324908
615,0.06458578,0.26780072,0.12570406,0.28208095,0.120311104
616,0.06786114,0.550156,0.13078412,0.5844592,0.23412368
617,0.05763986,0.13752492,0.20564783,0.22639838,0.12502943
618,0.048957996,0.0,0.07783909,0.004858583,0.020201363
619,0.28586078,0.04561484,0.11674054,0.192367,0.030061115
620,0.053160656,0.64712614,0.3077441,0.8898272,0.09389576
621,0.029768404,0.29200926,0.036896028,0.24876395,0.15553674
622,0.15452462,0.0,0.12934153,0.0056693256,0.1501749
623,0.19745088,0.5828991,0.1289366,0.5417352,0.1389051
624,0.13215753,0.058890507,0.0,0.20843169,0.09053632
625,0.08602021,0.27196878,0.23836727,0.4316704,0.16112247
626,0.03757043,0.25349158,0.0,0.16409944,0.056130134
627,0.0,0.09962191,0.35007364,0.34073377,0.18844211
628,0.10227203,0.059924617,0.05246365,0.16909657,0.12987848
629,0.09054296,0.0890508,0.06326134,0.21916401,0.003898777
630,0.17730002,1.0050681,0.08077657,0.89558136,0.093027726
631,0.0634316,0.42439657,0.031178124,0.28980574,0.092060745
632,0.08591136,0.18174264,0.0,0.09447761,0.12814899
633,0.06941185,0.062272906,0.0,0.08622463,0.1193572
634,0.030499093,0.27198434,0.044694424,0.11175229,0.08075527
635,0.12671563,0.02413112,0.26982865,0.24156569,0.1388132
636,0.0,0.3387005,0.0,0.1624181,0.14856055
637,0.08487671,0.3008017,0.20549439,0.57192737,0.1704778
638,0.32169712,0.6446051,0.31742743,0.7567161,0.09760827
639,0.033827037,0.5069482,0.21063727,0.47314566,0.27916992
640,0.3006889,1.1837702,0.07452218,0.9489968,0.058124676
641,0.03976652,1.3905823,0.06545081,1.0734961,0.0
642,0.39608818,0.18935949,0.23017254,0.39540002,0.13181172
643,0.0,0.11585964,0.27212256,0.24958766,0.277385
644,0.11499144,0.36758596,0.030485488,0.2901273,0.12074432
645,0.0,0.14832728,0.12710948,0.1933023,0.2150527
646,0.015943442,0.6761619,0.17838202,0.6173506,0.07417672
647,0.17060968,0.23914962,0.005164139,0.22737044,0.13381699
648,0.11032942,0.6297546,0.010995172,0.48353454,0.08805527
649,0.0,0.18167615,0.17364323,0.28698498,0.16385084
650,0.14100698,0.20534492,0.01975967,0.17329809,0.12048805
651,0.10486415,0.028587848,0.019897394,0.040828705,0.08856388
652,0.18134868,0.0,0.023927614,0.05750093,0.11913625
653,0.16418056,0.5695518,0.1494618,0.5371082,0.27700338
654,0.0,0.9601832,0.090219475,0.79353297,0.1576491
655,0.014933821,0.56490713,0.25201148,0.56497705,0.16889957
656,0.20424137,0.0,0.023880772,0.038381428,0.13772957
657,0.08657351,0.044634536,0.13071427,0.27783564,0.047723178
658,0.07021642,0.21244493,0.14678729,0.30465442,0.0
659,0.06521706,0.06440759,0.19874196,0.19638894,0.17787263
660,0.043975055,0.060597613,0.22776331,0.28917906,0.16153063
661,0.10458158,0.5909401,0.3513388,0.50124174,0.3086595
662,0.07619079,1.330534,0.040052034,0.9364719,0.18238097
663,0.11734014,0.1822505,0.0,0.14152569,0.05833435
664,0.021258418,0.07390985,0.11182611,0.15081035,0.077998824
665,0.20397848,0.28401145,0.039391473,0.26252583,0.14731573
666,0.27092266,0.1040616,0.078111306,0.26338476,0.04327613
667,0.050440595,0.06198007,0.29738772,0.26386595,0.13273488
668,0.010918371,0.107590646,0.12447127,0.19398898,0.19217592
669,0.109218135,0.0,0.06171727,0.0095614195,0.037895463
670,0.0,0.0357347,0.25202355,0.24450625,0.28843635
671,0.041040704,0.10207087,0.30038667,0.28788,0.12807733
672,0.24261962,0.1470147,0.20767516,0.29901388,0.09798863
673,0.021903452,0.44531667,0.19567777,0.49028975,0.14787962
674,0.07165366,0.36764067,0.022602387,0.25688562,0.02759289
675,0.06850719,0.09365155,0.23411214,0.293081,0.09099559
676,0.04303707,0.14253315,0.0020820051,0.11755526,0.18580204
677,0.22413118,0.1618712,0.23643842,0.32315367,0.112592936
678,0.15939543,1.040943,0.018914483,0.8028221,0.10151763
679,0.23486003,0.38725263,0.23405433,0.4299188,0.17488226
680,0.056645643,0.24317142,0.26260817,0.3083128,0.24004588
681,0.012442473,0.20652518,0.048023507,0.1774089,0.17649147
682,0.2509002,0.3073057,0.02866301,0.2573953,0.107574314
683,0.19389434,0.0,0.0,0.09910993,0.015631452
684,0.049465254,0.093663305,0.0006893277,0.07666494,0.15177518
685,0.23912536,0.0,0.042057358,0.041788727,0.07018331
686,0.0,0.18188405,0.0,0.12752916,0.16468564
687,0.07008931,0.0,0.10401996,0.15757476,0.07867518
688,0.06832039,0.116449416,0.16761725,0.25945303,0.055078216
689,0.13310674,0.17183633,0.12768346,0.20039704,0.04231143
690,0.044959903,0.1782173,0.051234007,0.18555336,0.3018004
691,0.11255586,0.04828918,0.13769487,0.18808952,0.080370836
692,0.07734629,0.9694051,0.24282618,0.89356,0.05519351
693,0.09526386,0.21596268,0.2185515,0.39459038,0.0
694,0.16499142,0.0,0.05452974,0.16826537,0.0
695,0.03538537,0.34633732,0.06969227,0.25203615,0.13412194
696,0.040150963,1.0765827,0.08779197,0.71531177,0.14155999
697,0.08868478,0.91107273,0.05039347,0.73864776,0.02254942
698,0.16652572,0.24848817,0.14100257,0.44944406,0.0
699,0.28620076,0.29973453,0.13389999,0.28304338,0.13715237
700,0.1238478,1.352242,0.0,0.95203763,0.07847494
701,0.111611575,0.1554142,0.1873217,0.23188864,0.15779135
702,0.0,0.17271852,0.19860786,0.3317565,0.27827457
703,0.017973583,1.1752739,0.12910843,0.90155566,0.20456322
704,0.09759197,0.07611677,0.10533564,0.18915722,0.029086288
705,0.005287878,0.6398525,0.012890287,0.4868042,0.16502103
706,0.19688217,0.23011085,0.21735644,0.5096643,0.0
707,0.001188159,0.33212614,0.12083015,0.32024196,0.21077666
708,0.08807204,0.50740933,0.15627106,0.4667365,0.11561927
709,0.06695496,0.19891484,0.04449994,0.1646953,0.020604968
710,0.2946427,0.65869296,0.13124053,0.6103499,0.15930703
711,0.032544516,0.21362156,0.009476647,0.18048316,0.17401049
712,0.0,0.19970569,0.04596553,0.15717366,0.1854225
713,0.07146097,0.112311274,0.119704574,0.19094044,0.105086476
714,0.05961176,0.39499268,0.30056942,0.4454951,0.1157759
715,0.14357772,0.13947654,0.1999412,0.35993353,0.0
716,0.024139404,0.10881911,0.28722268,0.32274094,0.114618644
717,0.05177784,0.34487018,0.10199332,0.22985479,0.23045886
718,0.026286822,1.1248133,0.06428997,0.7345062,0.15201181
719,0.0,0.24307248,0.26041907,0.2585098,0.20115946
720,0.028200611,0.41218507,0.16930355,0.4820178,0.17934507
721,0.020961776,0.31355003,0.0,0.21101913,0.043251798
722,0.0,0.34386456,0.040703967,0.24739936,0.24725029
723,0.049564917,0.025359064,0.05871983,0.19260204,0.10109697
724,0.049356177,0.50542456,0.2740844,0.48865783,0.2731318
725,0.2806509,0.14875278,0.19134067,0.37247795,0.029734936
726,0.0,0.17914669,0.0,0.14461873,0.17230538
727,0.1431135,0.12891501,0.18744531,0.2946339,0.05797585
728,0.014875915,0.0,0.41132247,0.17196894,0.42161837
729,0.12871194,0.2618718,0.10010645,0.18126294,0.0766309
730,0.22018825,0.0,0.0,0.0,0.11473353
731,0.0,0.45221716,0.26410967,0.4642074,0.32648537
732,0.0,0.36549455,0.16287649,0.3435814,0.22920686
733,0.34225535,0.23977062,0.37844008,0.6203065,0.060783565
734,0.046960227,0.41140753,0.26121408,0.39815807,0.15121558
735,0.22041044,0.0,0.08574129,0.0300242,0.029546484
736,0.3058588,1.2734917,0.12479482,1.0328221,0.17402598
737,0.0,0.5190385,0.2729002,0.49363804,0.2644759
738,0.08285527,0.63157475,0.26546144,0.6500371,0.10305765
739,0.10613294,0.19209796,0.19102159,0.4034595,0.033038843
740,0.06876711,0.1932944,0.16947451,0.22696495,0.12983286
741,0.001870539,0.046873003,0.0,0.046334222,0.23333961
742,0.30215305,0.26651287,0.0454659,0.25487062,0.13601357
743,0.040217586,0.073852375,0.20551193,0.21226937,0.07736498
744,0.18844268,1.0414357,0.09088132,0.83207935,0.16432562
745,0.22707833,1.2330866,0.12420553,0.9174699,0.21383902
746,0.17655277,0.034049734,0.0,0.084608585,0.016771533
747,0.14253771,0.67356527,0.1576187,0.5971174,0.19255152
748,0.14772284,0.027769178,0.20579168,0.18615963,0.03747588
749,0.15439439,0.48991424,0.13971575,0.5124376,0.13537332
750,0.3341807,1.1017854,0.22037557,0.9199583,0.120166674
751,0.087086536,0.2061181,0.02978345,0.22487332,0.08365708
752,0.053210028,0.0,0.049340032,0.057419732,0.21567416
753,0.4286276,0.18219273,0.20509529,0.42180306,0.0003325492
754,0.2607925,0.51528126,0.012046166,0.47314677,0.17323777
755,0.06527013,0.051718757,0.22699961,0.25423202,0.11399512
756,0.14153856,0.2208002,0.21709794,0.39972493,0.011339247
757,0.21716529,0.11545321,0.021083064,0.22180705,0.0
758,0.0,0.27832404,0.31631812,0.47471982,0.23041722
759,0.0,0.039225608,0.24916756,0.25762945,0.19013557
760,0.14634684,0.21553603,0.25581917,0.41477588,0.08820388
761,0.12794605,0.0,0.06970155,0.0,0.065268606
762,0.13479607,0.09782414,0.24737373,0.2805854,0.17349353
763,0.029864892,0.15682024,0.13171388,0.2737655,0.066947445
764,0.32205713,0.310669,0.10594175,0.3079515,0.14728528
765,0.0409398,0.1404754,0.17616475,0.24154784,0.068476506
766,0.14270264,0.08659585,0.22948423,0.41108435,0.0
767,0.08370032,0.15450865,0.11732924,0.24308059,0.07752447
768,0.046876647,0.0,0.026743047,0.0301615,0.17438756
769,0.037807364,0.037427187,0.044006623,0.084481046,0.10648135
770,0.15464002,0.009064257,0.34696186,0.23525065,0.17123145
771,0.110655084,0.2630667,0.0,0.25006554,0.06565502
772,0.21269271,0.0,0.0839684,0.027881533,0.0533684
773,0.21404482,0.0,0.07837329,0.10118565,0.034280848
774,0.0,0.058429375,0.33737326,0.15985097,0.50307596
775,0.0,0.31322354,0.07024726,0.24440596,0.18376076
776,0.2583813,0.0,0.14092806,0.14369176,0.0050555617
777,0.10947275,0.55008614,0.2817118,0.47529006,0.1988099
778,0.09218748,0.28391138,0.10882148,0.2427533,0.20560183
779,0.38745207,0.0,0.29471272,0.29738662,0.010202363
780,0.079325676,0.0,0.17672536,0.19364023,0.053466346
781,0.0,0.29894587,0.030577324,0.2232073,0.26993898
782,0.054576483,0.1425391,0.20501527,0.3714921,0.037687626
783,0.06911423,0.0,0.04654739,0.05102749,0.07264986
784,0.10444094,0.5475224,0.040836424,0.45933568,0.010608375
785,0.035409644,0.113931954,0.18649021,0.22603711,0.049601495
786,0.21785197,0.05359903,0.20955575,0.23807897,0.10946667
787,0.10248564,1.1070879,0.020895272,0.84111017,0.29152036
788,0.111059405,0.047827482,0.09488256,0.107686594,0.09498537
789,0.041828144,1.0138044,0.13825676,0.9084473,0.3047037
790,0.038128503,0.0,0.070265755,0.04094574,0.11297694
791,0.061243057,0.44904724,0.31524938,0.5094138,0.1454732
792,0.20583995,0.0,0.1467135,0.014198303,0.16914329
793,0.11432563,0.11208719,0.29331124,0.33276907,0.14950489
794,0.12128015,0.5547437,0.13304532,0.43321598,0.26555672
795,0.107104,0.016467929,0.1137872,0.20526065,0.025695879
796,0.0,0.21022752,0.08142171,0.18917184,0.17141402
797,0.05323785,0.2650749,0.003089942,0.13970003,0.112706706
798,0.131884,0.0,0.07331033,0.031123698,0.09241044
799,0.07731495,0.35430485,0.013774686,0.20566541,0.10107326
800,0.022973847,0.45699996,0.1908544,0.43807325,0.24669889
801,0.14985682,0.35362872,0.0,0.28317875,0.0
802,0.005944226,0.32051408,0.07633217,0.24197197,0.22806531
803,0.10849251,0.6469971,0.16891815,0.6192906,0.15766178
804,0.10567005,0.5362197,0.12713027,0.5514632,0.080527015
805,0.21117641,1.2511773,0.10664485,1.0951219,0.09419034
806,0.0,0.09539233,0.04203119,0.10879016,0.25877824
807,0.16273972,0.6326853,0.092003316,0.50669694,0.114593044
808,0.095204204,0.1482894,0.3140843,0.3843892,0.17309272
809,0.08347662,0.1981748,0.064174175,0.17240527,0.1715689
810,0.032169852,0.42672142,0.20388487,0.41802067,0.28798595
811,0.13035268,0.67268217,0.061790228,0.54258335,0.14661443
812,0.19567877,0.20182446,0.0035470873,0.19877113,0.20191482
813,0.00096523017,0.13211438,0.18818527,0.23070621,0.14263636
814,0.06239333,1.2506133,0.032223918,0.91688377,0.17466114
815,0.10590173,0.0,0.06728688,0.013603479,0.13522685
816,0.10469157,0.50763303,0.20128137,0.534964,0.22735947
817,0.34872973,0.21103346,0.09077607,0.27752593,0.09404092
818,0.1366936,0.28848007,0.17722477,0.43665636,0.10106636
819,0.16366214,0.57110023,0.24668959,0.5542234,0.07713616
820,0.07370059,0.16666839,0.022343472,0.16143565,0.14679578
821,0.26853073,0.00020962954,0.13457704,0.26604545,0.027517203
822,0.0,0.27720344,0.054269195,0.25317985,0.1726839
823,0.1479159,0.058696628,0.043277264,0.16674255,0.0
824,0.072724134,0.10392296,0.21813154,0.23371226,0.14966851
825,0.28191054,0.14498031,0.2543489,0.35426122,0.058160417
826,0.27413225,0.029546902,0.14584649,0.19771883,0.07062055
827,0.045249745,0.1609951,0.08123065,0.14005941,0.17603251
828,0.10637793,0.67272925,0.16135705,0.51179534,0.119323805
829,0.09426867,0.65483,0.037030123,0.58583367,0.17279108
830,0.23379502,0.54066503,0.30326846,0.60874087,0.07462999
831,0.17172772,1.3697212,0.050593063,0.96531105,0.1665055
832,0.26238158,0.0,0.058674313,0.095157206,0.034749627
833,0.018222935,0.23323727,0.0,0.08842705,0.1899673
834,0.15675557,0.32020786,0.0,0.3250334,0.06403044
835,0.034837894,0.17526692,0.0631776,0.13339873,0.16937722
836,0.17974108,0.1645329,0.3143822,0.3241613,0.074866235
837,0.37386227,0.19384181,0.28311592,0.47461605,0.014321767
838,0.09094551,0.6964922,0.0,0.5322763,0.09187418
839,0.15810448,1.0506006,0.14169896,1.060247,0.027922053
840,0.089076355,1.1959002,0.06080258,0.87235105,0.08554668
841,0.12129868,0.0,0.068470865,0.03565249,0.09401482
842,0.007562466,0.3254384,0.33045065,0.3906252,0.17165422
843,0.15927668,0.0,0.024936192,0.04700458,0.04840266
844,0.036438286,0.55106044,0.21735224,0.5018082,0.19578068
845,0.18101898,1.1285748,0.08953714,0.9865475,0.033358842
846,0.06531902,1.053468,0.06297427,0.7656449,0.25795284
847,0.23753828,0.35032213,0.048552774,0.31333748,0.093791865
848,0.36419415,0.15582031,0.1498961,0.34019905,0.033565283
849,0.06396793,0.5952221,0.2026895,0.59206116,0.21731487
850,0.015062604,0.3382246,0.014013328,0.22780523,0.2361126
851,0.10305661,0.17913815,0.0,0.16001973,0.13373528
852,0.025082394,0.3263668,0.0076785833,0.34123668,0.05959617
853,0.06729987,0.28501004,0.0,0.20460486,0.09464284
854,0.22147208,0.0,0.043838248,0.053306833,0.045199182
855,0.16303733,0.19891796,0.0,0.23004343,0.0
856,0.0,0.15316331,0.22338942,0.24783304,0.32126144
857,0.22540723,0.3390358,0.0,0.28493458,0.09613981
858,0.028598629,0.21771005,0.16117632,0.21211627,0.16691378
859,0.14320183,0.0,0.06056764,0.036683977,0.0451231
860,0.1403529,0.0,0.013141423,0.0,0.10517001
861,0.08819607,1.3544071,0.0,0.9853169,0.14453915
862,0.0835288,0.5965125,0.05378531,0.5474572,0.07658965
863,0.023651946,0.34285858,0.04585311,0.25734812,0.18532583
864,0.07392555,0.0,0.013732091,0.0,0.06777109
865,0.09617626,0.14672954,0.22546354,0.35228142,0.012168363
866,0.045569673,0.49015886,0.074069425,0.4540485,0.03434328
867,0.0,1.3079543,0.0,0.7574454,0.0
868,0.06367751,0.45409358,0.046007313,0.2252962,0.028312333
869,0.0133693665,1.2312775,0.0871128,0.9360753,0.2302396
870,0.1816163,0.0,0.1485661,0.0,0.09975468
871,0.0,0.13226777,0.16921403,0.21373649,0.29857287
872,0.16443342,1.4103532,0.14441727,1.0484773,0.10624442
873,0.0,0.305257,0.15214646,0.28649768,0.23394462
874,0.06866922,0.014368504,0.04582029,0.040666014,0.10751061
875,0.041271985,0.46346432,0.1570036,0.4319737,0.1844357
876,0.3614223,0.06589952,0.18191156,0.35075083,0.06164241
877,0.26524195,0.0,0.14004864,0.15907682,0.0
878,0.1377739,1.0873175,0.17106462,0.9448118,0.0
879,0.04536244,0.0,0.08719376,0.023222178,0.1212012
880,0.24644306,1.1290836,0.0,0.8944377,0.109706104
881,0.0,0.08988944,0.18058084,0.17407554,0.21929303
882,0.08435631,0.0,0.1294393,0.06385665,0.1327721
883,0.013797127,1.0166073,0.018655308,0.62780213,0.1524568
884,0.2998609,0.10674387,0.16870405,0.3839507,0.0
885,0.11028615,0.61710036,0.28021973,0.81258357,0.061843336
886,0.0,0.10427691,0.14018302,0.19677734,0.063379176
887,0.077238485,0.4191013,0.24653965,0.6222505,0.06612369
888,0.0885625,0.6010915,0.12897713,0.52737945,0.26169595
889,0.036523513,0.2734647,0.0,0.17534137,0.2471644
890,0.080992244,0.5570312,0.2609937,0.6036589,0.0969243
891,0.13208072,0.2977081,0.0,0.31460354,0.059734434
892,0.15219569,0.0,0.0015448108,0.108914986,0.022047825
893,0.2220708,0.51347876,0.3079046,0.63807565,0.08109112
894,0.0,0.11821376,0.33401504,0.28533942,0.3053249
895,0.060772873,0.39947373,0.16787867,0.34074906,0.10434475
896,0.043355606,0.13236769,0.2641034,0.32662612,0.055883374
897,0.0012860447,0.25660458,0.02374015,0.18461594,0.1372453
898,0.05212771,0.6747,0.0,0.51713526,0.08134504
899,0.0,0.30269575,0.0,0.1914998,0.1657505
900,0.0,0.45791572,0.2849961,0.4767939,0.3142326
901,0.13064703,0.33625087,0.06819809,0.25498086,0.090128206
902,0.0,0.37024418,0.0,0.14407334,0.08903936
903,0.059429187,0.12097786,0.0,0.10037565,0.21830398
904,0.4262855,0.2762513,0.05864808,0.29515025,0.09607185
905,0.051120814,0.11223233,0.09003004,0.15619,0.2421157
906,0.0,0.308938,0.25779533,0.38649055,0.22978958
907,0.0794562,0.43971997,0.07731122,0.40252316,0.0
908,0.15725133,0.15201066,0.20425758,0.3737557,0.0
909,0.22224633,0.20009033,0.28937584,0.4002518,0.008479156
910,0.05343014,0.096515596,0.20688865,0.2110942,0.099455595
911,0.19079366,0.37243977,0.06402829,0.3985767,0.070916645
912,0.03687294,0.17493063,0.010527015,0.1070368,0.25699368
913,0.042903613,1.0468416,0.09022304,0.72022545,0.20808314
914,0.033060897,0.1365645,0.18593013,0.24891186,0.089282244
915,0.3351575,0.101637766,0.27299708,0.38661104,0.08048897
916,0.0,0.39692461,0.28368562,0.4831871,0.27585828
917,0.0,0.1457819,0.19761947,0.2489187,0.1849679
918,0.0,0.07339904,0.24757898,0.23709896,0.25728586
919,0.21475813,0.25831383,0.0719285,0.4125208,0.07262705
920,0.028244127,0.3288515,0.065868616,0.32509243,0.08678872
921,0.024365105,0.092537075,0.25667167,0.2826742,0.19721162
922,0.0,0.39081684,0.055394538,0.2661819,0.15199283
923,0.03268563,0.04470308,0.0,0.059970513,0.17786157
924,0.054724574,0.05796708,0.21856835,0.1865735,0.14387016
925,0.18355161,0.21848318,0.0,0.275626,0.0025224388
926,0.07753274,0.6773665,0.00021526217,0.5392639,0.105097994
927,0.10810806,0.1296706,0.13022935,0.17619936,0.24219501
928,0.24988519,0.016826987,0.0,0.117813066,0.02282755
929,0.21394496,0.16500601,0.09267394,0.35536313,0.0
930,0.08900144,0.24386871,0.076079994,0.19138572,0.19076635
931,0.17474404,0.052705005,0.053483985,0.06789909,0.063124925
932,0.09291977,1.0539014,0.15032977,0.7717207,0.30464634
933,0.0,0.0,0.2605645,0.10701744,0.3868498
934,0.16947761,1.2802367,0.039675325,1.0181358,0.14867538
935,0.034394056,0.19221522,0.09187851,0.1603971,0.063652135
936,0.10020144,0.17949273,0.05615513,0.22541529,0.14836825
937,0.1406379,0.984929,0.085932836,0.73064053,0.016184941
938,0.13595241,1.1330658,0.15199769,1.0968144,0.13484621
939,0.14218087,0.986213,0.18531764,0.9098418,0.03749348
940,0.24920551,1.1368362,0.0,0.8590043,0.10496322
941,0.1750179,1.2360747,0.17385456,1.0580273,0.17269956
942,0.04772065,0.4880253,0.27713865,0.47603607,0.17348656
943,0.13442993,0.40859723,0.34870946,0.66341937,0.038351946
944,0.14707571,0.05317825,0.006245926,0.121426,0.012396313
945,0.008048791,0.08240448,0.33071506,0.24619025,0.24868011
946,0.0020380951,0.07997538,0.35575372,0.26552618,0.120416224
947,0.056759536,0.5368358,0.14616024,0.51127684,0.22942662
948,0.14289953,0.57331216,0.19641668,0.46398616,0.28515926
949,0.32526577,0.27980298,0.18792476,0.49886435,0.050819542
950,0.14928386,0.0,0.05791352,0.060404897,0.042936035
951,0.053030886,0.29803237,0.08467637,0.19900942,0.13609084
952,0.105118215,0.36430418,0.030883268,0.34548277,0.0
953,0.035019755,0.064729854,0.26207966,0.24598652,0.35172084
954,0.13447961,0.06062001,0.119096585,0.18512213,0.0
955,0.12462011,0.0,0.08962764,0.0,0.13653019
956,0.0,0.2396186,0.20563197,0.26882705,0.25579584
957,0.046858065,0.028293014,0.09787888,0.10499923,0.13042636
958,0.1515826,0.28996408,0.12537467,0.40118033,0.0
959,0.0,0.08603117,0.2977987,0.30216163,0.18735471
960,0.23692444,0.4617795,0.26954773,0.58220094,0.09786298
961,0.009288013,0.22649337,0.0,0.20315763,0.17145276
962,0.32279885,0.33238262,0.119481064,0.46151364,0.035838734
963,0.0,0.33710843,0.00973428,0.2710384,0.14066865
964,0.10109869,0.1263205,0.03416515,0.15205722,0.05339185
965,0.0,0.26818624,0.023436472,0.19643784,0.12627038
966,0.101875335,0.40144348,0.09081939,0.3829221,0.16469821
967,0.018829025,0.12474041,0.24379596,0.30633217,0.15597725
968,0.17961672,0.047840074,0.0,0.075788364,0.035943057
969,0.06921742,0.11901373,0.31491584,0.33338818,0.06296773
970,0.459271,0.009086072,0.045068808,0.15248264,0.090576254
971,0.014094781,1.1532693,0.0059586763,0.9032089,0.098545276
972,0.075262405,0.7247342,0.108597755,0.6387564,0.16611657
973,0.13451144,1.0592542,0.017979972,0.82546824,0.10874114
974,0.0,0.049551055,0.30331206,0.22194006,0.13110769
975,0.33169544,0.09563905,0.24121583,0.33467844,0.015481815
976,0.036435932,0.45233357,0.3860467,0.6451332,0.11655319
977,0.035935663,0.16662705,0.12479254,0.19588158,0.2823979
978,0.11473453,0.0,0.039436825,0.11641149,0.06981835
979,0.11560296,1.2831502,0.08403802,0.9938502,0.20589863
980,0.067788385,0.6128521,0.28307992,0.44921333,0.42367265
981,0.19655745,0.44658747,0.19059859,0.5135072,0.022287227
982,0.081449136,0.0,0.17296822,0.07863499,0.17596029
983,0.11640302,0.505599,0.24986589,0.44574475,0.29291877
984,0.3858586,0.0,0.026952475,0.0,0.11238765
985,0.111885354,0.38639092,0.10524053,0.42385745,0.15723775
986,0.09023887,1.0214214,0.19703811,0.8731643,0.08229873
987,0.27812958,0.43782085,0.23019822,0.7298588,0.0
988,0.13709238,0.10454787,0.03864804,0.1693083,0.11095634
989,0.0512414,1.1764926,0.08297086,1.019158,0.25472057
990,0.0,0.38678414,0.20319024,0.30594105,0.17433006
991,0.05136282,0.0,0.12451782,0.15927002,0.0127324015
992,0.21612102,0.4366209,0.32185146,0.52452326,0.14338945
993,0.115468875,0.072426006,0.09912647,0.14735228,0.06015859
994,0.10441666,0.0085042715,0.19871947,0.116608694,0.16868022
995,0.08196622,0.12331572,0.23542106,0.29886848,0.0013958737
996,0.27096212,0.0,0.013909854,0.018932939,0.10624968
997,0.14103653,0.54923165,0.1548589,0.45411062,0.20749438
998,0.07515412,0.20386508,0.051362477,0.11430356,0.121605664
999,0.0,0.5540514,0.21313626,0.4728073,0.35383663
1000,0.06691768,0.120040044,0.0,0.14355342,0.21960065
